,gene_ids
0,FAM87B
1,PERM1
2,AL645608.1
3,LINC01342
4,TNFRSF18
5,TNFRSF4
6,C1QTNF12
7,AL391244.2
8,AL513320.1
9,LINC01134
10,AJAP1
11,AL365255.1
12,AL359881.2
13,TNFRSF9
14,SLC45A1
15,RERE
16,AL357552.2
17,SLC2A7
18,RBP7
19,AL139424.2
20,EXOSC10-AS1
21,TNFRSF8
22,KAZN
23,AL031283.2
24,SLC25A34-AS1
25,TMEM82
26,PADI6
27,ARHGEF10L
28,AL031727.2
29,EIF4G3
30,C1QB
31,LUZP1
32,ZNF436-AS1
33,AL109936.2
34,AL450043.1
35,CNR2
36,NCMAP
37,CLIC4
38,AL445471.2
39,MAN1C1
40,AL391650.1
41,ZNF683
42,AL020997.5
43,AL020997.2
44,AL512288.1
45,RAB42
46,AL354919.1
47,KIAA1522
48,HPCA
49,AL662907.3
50,OSCP1
51,CSF3R
52,MIR3659HG
53,AL139260.1
54,MACF1
55,AC119677.1
56,SCMH1
57,AC093151.8
58,HIVEP3
59,ZMYND12
60,CCDC30
61,AL139289.1
62,HYI-AS1
63,PTPRF
64,ST3GAL3
65,KIF2C
66,ZSWIM5
67,TESK2
68,MAST2
69,TEX38
70,AL109659.1
71,SLC5A9
72,SPATA6
73,AGBL4
74,AL645507.1
75,AC104170.1
76,ZFYVE9
77,GLIS1
78,LDLRAD1
79,MROH7
80,AC096536.3
81,AL603840.1
82,PRKAA2
83,DAB1
84,AL035411.3
85,LINC01135
86,FGGY
87,AL035416.1
88,NFIA
89,DOCK7
90,ATG4C
91,ITGB3BP
92,ROR1
93,ROR1-AS1
94,CACHD1
95,DNAJC6
96,LEPR
97,PDE4B
98,SGIP1
99,WDR78
100,SLC35D1
101,IL23R
102,IL12RB2
103,LRRC7
104,CTH
105,AL354872.2
106,PTGER3
107,ZRANB2-AS2
108,NEGR1
109,AL513166.1
110,AL583808.1
111,LRRIQ3
112,FPGT
113,TNNI3K
114,MSH4
115,AC092813.1
116,ST6GALNAC3
117,ST6GALNAC5
118,PIGK
119,AC093433.2
120,AK5
121,GIPC2
122,IFI44L
123,IFI44
124,LINC02792
125,ADGRL2
126,AL157944.1
127,LINC01362
128,LINC01361
129,AC116099.1
130,LINC01725
131,PRKACB
132,LINC01555
133,MCOLN2
134,WDR63
135,AL078459.1
136,COL24A1
137,LINC02795
138,CLCA4-AS1
139,AL049597.2
140,HS2ST1
141,LINC01140
142,PKN2-AS1
143,AC104459.1
144,GBP4
145,GBP5
146,AL596214.1
147,LRRC8D
148,LINC02609
149,TGFBR3
150,BTBD8
151,EVI5
152,DIPK1A
153,CCDC18
154,CCDC18-AS1
155,FNBP1L
156,BCAR3
157,AL049796.1
158,ARHGAP29
159,ARHGAP29-AS1
160,AC118469.2
161,ALG14
162,AC092802.1
163,DPYD
164,SNX7
165,LINC01708
166,CDC14A
167,LINC01349
168,VCAM1
169,AC093157.1
170,LINC01307
171,AC095032.1
172,NTNG1
173,VAV3
174,VAV3-AS1
175,LINC02785
176,FAM102B
177,C1orf194
178,KIAA1324
179,GPR61
180,AL355310.1
181,LINC01768
182,PIFO
183,TMIGD3
184,WNT2B
185,ST7L
186,SLC16A1-AS1
187,MAGI3
188,PTPN22
189,OLFML3
190,SYT6
191,AL121999.1
192,DENND2C
193,LINC01765
194,SLC22A15
195,LINC01762
196,CD58
197,TBX15
198,WARS2
199,WARS2-AS1
200,LINC02798
201,CD160
202,HJV
203,AC242426.2
204,BCL9
205,AC244033.2
206,GOLPH3L
207,CTXND2
208,AL365436.2
209,FLG-AS1
210,S100A6
211,S100A4
212,IL6R-AS1
213,AL592078.2
214,KCNN3
215,DCST1-AS1
216,AL162734.1
217,INSRR
218,PEAR1
219,FCRL5
220,FCRL3
221,FCRL2
222,FCRL1
223,CD5L
224,PYHIN1
225,FCRL6
226,SLAMF1
227,SLAMF7
228,FCER1G
229,HSPA6
230,FCGR3A
231,OLFML2B
232,NOS1AP
233,SH2D1B
234,DDR2
235,RGS5
236,PBX1
237,AL357568.2
238,MAEL
239,AL451050.2
240,POU2F1
241,MPZL1
242,XCL2
243,XCL1
244,LINC00970
245,NME7
246,F5
247,SELL
248,KIFAP3
249,LINC01681
250,DNM3
251,AL031599.1
252,ANKRD45
253,RABGAP1L-DT
254,RABGAP1L
255,AL591043.2
256,AL449106.1
257,RALGPS2
258,ABL2
259,AL390718.1
260,ACBD6
261,CACNA1E
262,NPL
263,SHCBP1L
264,LAMC1
265,RGL1
266,COLGALT2
267,C1orf21
268,NIBAN1
269,SWT1
270,HMCN1
271,AL096803.2
272,PTGS2
273,PLA2G4A
274,ERVMER61-1
275,RGS18
276,AL390957.1
277,RGS1
278,LINC01031
279,AL136456.1
280,KCNT2
281,CFH
282,ASPM
283,CRB1
284,DENND1B
285,NEK7
286,AL450352.1
287,ATP6V1G3
288,MIR181A1HG
289,LINC00862
290,KIF14
291,CAMSAP2
292,LAD1
293,LMOD1
294,LGR6
295,PPP1R12B
296,PCAT6
297,CHIT1
298,SOX13
299,NFASC
300,RHEX
301,FAM72A
302,C1orf116
303,CD55
304,CD34
305,HSD11B1-AS1
306,HSD11B1
307,SYT14
308,HHAT
309,KCNH1
310,LINC00467
311,LPGAT1-AS1
312,DTL
313,AL606468.1
314,RPS6KC1
315,AL592402.1
316,GPATCH2
317,SPATA17
318,LYPLAL1-DT
319,AC096642.2
320,LYPLAL1-AS1
321,MARK1
322,DISP1
323,AL929091.1
324,SUSD4
325,CNIH3
326,ENAH
327,LIN9
328,CDC42BPA
329,WNT9A
330,WNT3A
331,IBA57-DT
332,AL139288.1
333,DISC1
334,SIPA1L2
335,PCNX2
336,MAP3K21
337,SLC35F3
338,AL391832.4
339,LINC01348
340,GNG4
341,LYST
342,EDARADD
343,LGALS8-AS1
344,CHRM3
345,GREM2
346,RGS7
347,AL359764.3
348,KMO
349,SDCCAG8
350,CATSPERE
351,EFCAB2
352,KIF26B-AS1
353,SMYD3
354,ZNF670
355,OR2L3
356,AC079779.1
357,LINC01865
358,SNTG2
359,TRAPPC12-AS1
360,AC114810.1
361,ALLC
362,LINC00487
363,RSAD2
364,RNF144A
365,AC013460.1
366,LINC01871
367,LINC00299
368,ID2
369,MBOAT2
370,AC073195.1
371,CYS1
372,C2orf50
373,GREB1
374,AC012456.2
375,MIR3681HG
376,AC064875.1
377,AC068286.2
378,FAM49A
379,GEN1
380,LINC01376
381,WDR35
382,LDAH
383,AC018742.1
384,AC018467.1
385,KLHL29
386,PFN4
387,AC008073.2
388,AC093798.1
389,EFR3B
390,DTNB
391,DPYSL5
392,GCKR
393,LINC01460
394,RBKS
395,BABAM2
396,AC016907.2
397,LCLAT1
398,GALNT14
399,AL121655.1
400,AL133243.1
401,RASGRP3
402,AC017050.1
403,LINC01320
404,CRIM1
405,VIT
406,AC006369.1
407,RMDN2
408,CYP1B1-AS1
409,HNRNPLL
410,DHX57
411,ARHGEF33
412,SOS1
413,MAP4K3
414,MAP4K3-DT
415,SLC8A1-AS1
416,KCNG3
417,LINC01819
418,PLEKHH2
419,DYNC2LI1
420,ABCG5
421,CAMKMT
422,SRBD1
423,PRKCE
424,EPAS1
425,LINC01118
426,EPCAM-DT
427,AC092650.1
428,AC009975.1
429,AC010967.1
430,ACYP2
431,EML6
432,RTN4
433,AC012358.3
434,CCDC88A
435,CCDC85A
436,AC132153.1
437,VRK2
438,FANCL
439,LINC01122
440,LINC01793
441,AC007100.1
442,BCL11A
443,REL
444,KIAA1841
445,COMMD1
446,EHBP1
447,WDPCP
448,VPS54
449,PELI1
450,LGALSL-DT
451,LINC02579
452,SERTAD2
453,AC007365.1
454,LINC02245
455,SPRED2
456,AC012370.2
457,LINC01873
458,MEIS1
459,LINC01829
460,PLEK
461,APLF
462,ARHGAP25
463,ANTXR1
464,ANXA4
465,ADD2
466,CLEC4F
467,ANKRD53
468,AC007040.1
469,EXOC6B
470,DCTN1-AS1
471,AC005041.4
472,DQX1
473,LOXL3
474,M1AP
475,AC007681.1
476,EVA1A
477,DNAH6
478,LINC01964
479,GNLY
480,CD8A
481,CD8B
482,AC068279.2
483,LINC01943
484,CYTOR
485,EIF2AK3
486,IGKC
487,MAL
488,CNNM3-DT
489,MGAT4A
490,TSGA10
491,AC079447.1
492,AFF3
493,LONRF2
494,NPAS2
495,TBC1D8
496,RFX8
497,IL1R2
498,IL1R1
499,IL18R1
500,IL18RAP
501,TMEM182
502,MRPS9
503,AC018802.2
504,AC096669.1
505,LINC01885
506,LIMS1
507,CCDC138
508,EDAR
509,SH3RF3
510,NPHP1
511,ACOXL
512,MIR4435-2HG
513,AC108463.2
514,ZC3H6
515,AC012442.1
516,AC016683.1
517,AC016745.1
518,DPP10
519,AC009312.1
520,EPB41L5
521,NIFK-AS1
522,AC011246.1
523,CYP27C1
524,LINC02572
525,GPR39
526,MGAT5
527,TMEM163
528,CCNT2-AS1
529,ZRANB3
530,R3HDM1
531,THSD7B
532,HNMT
533,AC114763.1
534,KYNU
535,GTDC1
536,ZEB2
537,ACVR2A
538,MBD5
539,LYPD6B
540,AC007364.1
541,CACNB4
542,FMNL2
543,GALNT13
544,KCNJ3
545,LINC01876
546,AC074099.1
547,NR4A2
548,GPD2
549,ACVR1C
550,ACVR1
551,UPP2
552,CCDC148
553,PKP4
554,TANC1
555,BAZ2B
556,AC009961.1
557,PLA2R1
558,RBMS1
559,TANK
560,SLC4A10
561,AC062022.2
562,DPP4
563,FAP
564,AC016766.1
565,COBLL1
566,SLC38A11
567,SCN3A
568,GALNT3
569,AC009495.3
570,AC009495.1
571,SCN9A
572,AC073050.1
573,STK39
574,CERS6
575,NOSTRIN
576,MYO3B
577,AC007405.1
578,AC007405.3
579,METTL8
580,ITGA6
581,PDK1
582,RAPGEF4
583,MAP3K20
584,OLA1
585,GPR155
586,AC010894.2
587,CHRNA1
588,CHN1
589,AC093459.1
590,HAGLR
591,AC092162.2
592,OSBPL6
593,TTN
594,CCDC141
595,SESTD1
596,UBE2E3
597,AC068196.1
598,LINC01934
599,ITGA4
600,NCKAP1
601,DUSP19
602,AC021851.2
603,ZNF804A
604,AC009315.1
605,FSIP2-AS1
606,LINC01473
607,ITGAV
608,CALCRL
609,TFPI
610,COL5A2
611,ANKAR
612,AC006460.2
613,AC006460.1
614,STAT1
615,STAT4
616,MYO1B
617,AC098617.1
618,AC010983.1
619,AC064834.1
620,SLC39A10
621,PGAP1
622,RFTN2
623,AC011997.1
624,PLCL1
625,AC019330.1
626,SATB2
627,FTCDNL1
628,SPATS2L
629,AOX1
630,FLACC1
631,FZD7
632,AC064836.3
633,BMPR2
634,FAM117B
635,ICA1L
636,NBEAL1
637,ICOS
638,AC009965.1
639,PARD3B
640,NRP2
641,ADAM23
642,MDH1B
643,AC008269.1
644,KLF7
645,AC009226.1
646,AC096772.1
647,MAP2
648,KANSL1L
649,AC006994.2
650,CPS1
651,ERBB4
652,AC093865.1
653,IKZF2
654,SPAG16
655,AC068051.1
656,BARD1
657,SNHG31
658,AC072062.1
659,AC012668.3
660,LINC00607
661,MARCH4
662,AC098820.2
663,IGFBP2
664,DIRC3
665,CXCR1
666,AC021016.3
667,AC068946.3
668,TUBA4B
669,AC053503.2
670,EPHA4
671,SGPP2
672,AP1S3
673,SERPINE2
674,IRS1
675,RHBDD1
676,COL4A3
677,AC097662.1
678,CCL20
679,FBXO36
680,SLC16A14
681,CHRND
682,AC073254.1
683,AC010148.1
684,AGAP1
685,IQCA1
686,AC012063.1
687,COL6A3
688,LINC01107
689,LINC01937
690,CROCC2
691,SNED1
692,ANO7
693,CHL1
694,AC034195.1
695,SUMF1
696,AC018816.1
697,BHLHE40-AS1
698,AC069277.1
699,AC077690.1
700,LMCD1-AS1
701,LMCD1
702,SSUH2
703,SRGAP3
704,IL17RE
705,IRAK2
706,ATP2B2
707,SLC6A1
708,ATG7
709,SYN2
710,PPARG
711,COLQ
712,BTD
713,ANKRD28
714,AC090946.1
715,OXNAD1
716,RFTN1
717,TBC1D5
718,AC104451.2
719,SATB1-AS1
720,KCNH8
721,KAT2B
722,SGO1-AS1
723,ZNF385D
724,UBE2E2
725,UBE2E1
726,LINC00691
727,THRB
728,AC092422.1
729,LINC00692
730,NEK10
731,SLC4A7
732,EOMES
733,LINC01980
734,LINC01967
735,CMC1
736,ZCWPW2
737,RBMS3
738,TGFBR2
739,GADL1
740,OSBPL10
741,CMTM8
742,CMTM6
743,TRIM71
744,LINC01811
745,ARPP21
746,STAC
747,LRRFIP2
748,ITGA9
749,CTDSPL
750,SCN11A
751,CX3CR1
752,AC104850.2
753,MOBP
754,EIF1B-AS1
755,ENTPD3-AS1
756,ULK4
757,ANO10
758,TCAIM
759,CDCP1
760,SLC6A20
761,MYL3
762,KIF9-AS1
763,FBXW12
764,RHOA-IT1
765,DOCK3
766,SFMBT1
767,IL17RB
768,CACNA2D3
769,ARHGEF3
770,DNAH12
771,HTD2
772,C3orf67
773,FHIT
774,PTPRG
775,PTPRG-AS1
776,CADPS
777,SYNPR-AS1
778,ADAMTS9
779,MAGI1
780,LRIG1
781,SUCLG2-AS1
782,TAFA1
783,FRMD4B
784,SAMMSON
785,AC097634.3
786,PROK2
787,LINC00877
788,AC104435.2
789,AC097369.2
790,CNTN3
791,LINC02018
792,ZNF717
793,ROBO1
794,AC108690.1
795,AC068756.1
796,LINC02050
797,LINC02027
798,GBE1
799,LINC00971
800,CADM2
801,AC107204.1
802,CSNKA2IP
803,EPHA3
804,ARL13B
805,ARL6
806,AC110491.2
807,AC117473.1
808,CLDND1
809,ST3GAL6
810,DCBLD2
811,CMSS1
812,AC020651.2
813,LINC02085
814,ZPLD1
815,ALCAM
816,CBLB
817,LINC00882
818,DUBR
819,AC063944.1
820,LINC00636
821,HHLA2
822,DZIP3
823,LINC00488
824,LINC01205
825,AC078980.1
826,NECTIN3-AS1
827,NECTIN3
828,CD96
829,PLCXD2
830,PHLDB2
831,CD200
832,CD200R1
833,AC078785.1
834,BOC
835,AC026329.1
836,ATP6V1A
837,GRAMD1C
838,CCDC191
839,DRD3
840,TIGIT
841,ZBTB20-AS1
842,ZBTB20-AS3
843,AC026341.1
844,AC068633.1
845,IGSF11
846,ARHGAP31
847,MAATS1
848,AC079841.2
849,FBXO40
850,IQCB1
851,EAF2
852,SLC15A2
853,PARP14
854,SLC49A4
855,SEC22A
856,KALRN
857,ITGB5-AS1
858,ROPN1B
859,AC024558.2
860,LINC01471
861,MGLL
862,GATA2
863,AC080005.1
864,PLXND1
865,TMCC1
866,TMCC1-AS1
867,AC083906.3
868,NEK11
869,EPHB1
870,PPP2R3A
871,A4GNT
872,AC046134.2
873,RBP2
874,NMNAT3
875,GRK7
876,TFDP2
877,PLS1
878,PLS1-AS1
879,TRPC1
880,PCOLCE2
881,AC026304.1
882,CHST2
883,SLC9A9
884,SLC9A9-AS1
885,DIPK2A
886,PLSCR4
887,PLSCR2
888,AC117395.1
889,AC117386.2
890,LINC01214
891,AC018545.1
892,TSC22D2
893,MED12L
894,P2RY14
895,AADACL2-AS1
896,AC108718.1
897,AC117394.2
898,AC068985.1
899,MME
900,TIPARP
901,LINC00886
902,LEKR1
903,AC092944.1
904,RSRC1
905,IQCJ-SCHIP1
906,IFT80
907,PPM1L
908,WDR49
909,GOLIM4
910,MECOM
911,SKIL
912,CLDN11
913,SLC7A14-AS1
914,TNIK
915,AC092919.1
916,PLD1
917,FNDC3B
918,NCEH1
919,ECT2
920,SPATA16
921,NLGN1
922,NAALADL2
923,LINC01208
924,LINC00578
925,KCNMB2-AS1
926,ZMAT3
927,AC076966.2
928,PIK3CA
929,AC125618.1
930,SOX2-OT
931,AC069431.1
932,MCF2L2
933,HTR3E-AS1
934,LINC02054
935,LINC01840
936,AC107294.2
937,C3orf70
938,EHHADH
939,MAP3K13
940,IGF2BP2
941,DGKG
942,LPP
943,TPRG1
944,TP63
945,IL1RAP
946,GMNC
947,OSTN-AS1
948,CCDC50
949,FGF12
950,MB21D2
951,ATP13A5
952,ATP13A4
953,GP5
954,ZDHHC19
955,TM4SF19
956,AC055764.1
957,RNF212
958,AC092535.4
959,ZFYVE28
960,RGS12
961,STX18-AS1
962,AC113615.2
963,S100P
964,AFAP1
965,AC108519.1
966,AC073648.7
967,AC105916.1
968,CLNK
969,AC006230.1
970,AC005699.1
971,AC007370.1
972,RAB28
973,AC006445.3
974,LINC01182
975,AC092546.1
976,CPEB2
977,AC098829.1
978,AC116651.1
979,CD38
980,FGFBP2
981,PROM1
982,LDB2
983,LCORL
984,AC093898.1
985,AC024230.1
986,KCNIP4
987,ADGRA3
988,AC093607.1
989,CCDC149
990,AC105290.1
991,RBPJ
992,TBC1D19
993,AC093791.1
994,AC097480.1
995,AC016687.2
996,ARAP2
997,DTHD1
998,AC022463.1
999,TBC1D1
1000,KLF3-AS1
1001,TMEM156
1002,KLHL5
1003,WDR19
1004,SMIM14
1005,RBM47
1006,AC108210.1
1007,AC024022.1
1008,ATP8A1
1009,YIPF7
1010,GABRB1
1011,ATP10D
1012,CORIN
1013,NIPAL1
1014,CNGA1
1015,TXK
1016,TEC
1017,SLC10A4
1018,SPATA18
1019,AC097522.2
1020,AC104066.3
1021,SCFD2
1022,KIT
1023,PDCL2
1024,NMU
1025,KIAA1211
1026,AC068620.2
1027,ARL9
1028,HOPX
1029,IGFBP7
1030,TECRL
1031,AC116049.2
1032,STAP1
1033,UBA6-AS1
1034,SULT1B1
1035,JCHAIN
1036,RUFY3
1037,MOB1B
1038,SLC4A4
1039,NPFFR2
1040,AC053527.2
1041,ALB
1042,EREG
1043,AREG
1044,PARM1
1045,AC110760.1
1046,AC096759.1
1047,CDKL2
1048,CXCL9
1049,CXCL10
1050,CXCL11
1051,SHROOM3
1052,MRPL1
1053,BMP2K
1054,LINC01088
1055,ANTXR2
1056,CFAP299
1057,PRKG2
1058,LINC00575
1059,SCD5
1060,GPAT3
1061,CDS1
1062,WDFY3
1063,ARHGAP24
1064,MAPK10
1065,PTPN13
1066,AFF1
1067,KLHL8
1068,HSD17B13
1069,PKD2
1070,ABCG2
1071,HERC6
1072,HERC5
1073,FAM13A
1074,GPRIN3
1075,AC093866.1
1076,SNCA
1077,MMRN1
1078,CCSER1
1079,HPGDS
1080,PDLIM5
1081,BMPR1B
1082,UNC5C
1083,STPG2
1084,TSPAN5
1085,AC019131.1
1086,AP002026.1
1087,AC097460.1
1088,PPP3CA
1089,BANK1
1090,AC098487.1
1091,NFKB1
1092,MANBA
1093,SLC9B1
1094,LINC02428
1095,CXXC4-AS1
1096,TET2
1097,TET2-AS1
1098,GSTCD
1099,AC109361.1
1100,TBCK
1101,DKK2
1102,LEF1
1103,LEF1-AS1
1104,RPL34-AS1
1105,COL25A1
1106,SEC24B-AS1
1107,ELOVL6
1108,ENPEP
1109,FAM241A
1110,ALPK1
1111,ANK2
1112,CAMK2D
1113,ARSJ
1114,UGT8
1115,NDST3
1116,SYNPO2
1117,AC073475.1
1118,PRDM5
1119,TNIP3
1120,IL2
1121,IL21-AS1
1122,SPATA5
1123,AC121154.1
1124,LINC02516
1125,ANKRD50
1126,FAT4
1127,SLC25A31
1128,LARP1B
1129,LINC02615
1130,SCLT1
1131,LINC02466
1132,AC096711.2
1133,AC093916.1
1134,AC109927.1
1135,AC097376.3
1136,MAML3
1137,SCOC-AS1
1138,TBC1D9
1139,AC096733.2
1140,IL15
1141,INPP4B
1142,AC139720.1
1143,AC104596.1
1144,GAB1
1145,AC107223.1
1146,AC098588.3
1147,HHIP
1148,ANAPC10
1149,SMAD1
1150,ZNF827
1151,AC104791.1
1152,SLC10A7
1153,AC097450.1
1154,ARHGAP10
1155,NR3C2
1156,AC002460.2
1157,AC108935.1
1158,LINC02355
1159,DCLK2
1160,AC104819.3
1161,FAM160A1
1162,AC079340.1
1163,AC079340.2
1164,AC080078.2
1165,FBXW7
1166,TRIM2
1167,MND1
1168,RNF175
1169,AC079298.3
1170,DCHS2
1171,GUCY1A1
1172,GRIA2
1173,RXFP1
1174,RAPGEF2
1175,MARCH1
1176,CPE
1177,SPOCK3
1178,AC116634.1
1179,DDX60
1180,DDX60L
1181,PALLD
1182,CBR4
1183,GALNT7
1184,HPGD
1185,GLRA3
1186,GPM6A
1187,WDR17
1188,AC097518.2
1189,AC078881.1
1190,WWC2
1191,ENPP6
1192,CCDC110
1193,FAM149A
1194,FAT1
1195,TRIML2
1196,FRG1-DT
1197,NKD2
1198,SLC6A3
1199,AC026412.3
1200,LINC02102
1201,SEMA5A
1202,CMBL
1203,ANKRD33B
1204,TRIO
1205,AC016575.1
1206,LINC02149
1207,RETREG1
1208,BASP1
1209,LINC02100
1210,AC091946.1
1211,C5orf17
1212,PURPL
1213,LINC02109
1214,PDZD2
1215,NPR3
1216,ADAMTS12
1217,AC138409.3
1218,TTC23L
1219,SPEF2
1220,AC137810.1
1221,IL7R
1222,AC008957.1
1223,LINC02119
1224,LIFR
1225,OSMR-AS1
1226,FYB1
1227,AC108105.1
1228,C7
1229,CCDC152
1230,SELENOP
1231,NIM1K
1232,AC114956.3
1233,LINC02224
1234,MRPS30-DT
1235,PARP8
1236,ITGA1
1237,ITGA2
1238,ARL15
1239,LINC01033
1240,AC016583.2
1241,ESM1
1242,AC034238.1
1243,GZMK
1244,GZMA
1245,CDC20B
1246,PLPP1
1247,SLC38A9
1248,IL31RA
1249,IL6ST
1250,ANKRD55
1251,C5orf67
1252,MAP3K1
1253,AC016642.1
1254,PDE4D
1255,AC092343.1
1256,ELOVL7
1257,ERCC8
1258,NDUFAF2
1259,ZSWIM6
1260,C5orf64
1261,CWC27
1262,ADAMTS6
1263,NLN
1264,AC092353.1
1265,MAST4
1266,AC112206.2
1267,LINC02242
1268,MARVELD2
1269,ZNF366
1270,FCHO2
1271,AC099522.2
1272,ARHGEF28
1273,FAM169A
1274,AC116337.3
1275,GCNT4
1276,ANKRD31
1277,IQGAP2
1278,CRHBP
1279,ZBED3-AS1
1280,PDE8B
1281,AC108482.1
1282,LHFPL2
1283,ARSB
1284,DMGDH
1285,HOMER1
1286,CMYA5
1287,SERINC5
1288,FAM151B
1289,MSH3
1290,RASGRF2
1291,ACOT12
1292,SSBP2
1293,ATG10
1294,ATP6AP1L
1295,XRCC4
1296,LINC02059
1297,AC109492.1
1298,CCNH
1299,AC018754.1
1300,MEF2C
1301,MEF2C-AS1
1302,LINC02161
1303,LUCAT1
1304,AC123595.2
1305,ARRDC3
1306,ARRDC3-AS1
1307,AC093298.2
1308,FAM172A
1309,AC117528.1
1310,KIAA0825
1311,SLF1
1312,MCTP1
1313,ARSK
1314,SPATA9
1315,RHOBTB3
1316,ELL2
1317,AC104123.1
1318,AC008592.2
1319,LIX1-AS1
1320,LINC01340
1321,LINC02234
1322,RGMB-AS1
1323,AC021086.1
1324,ST8SIA4
1325,SLCO4C1
1326,LINC00491
1327,PAM
1328,LINC01950
1329,EFNA5
1330,FBXL17
1331,LINC01023
1332,FER
1333,AC008871.1
1334,MAN2A1
1335,TMEM232
1336,CAMK4
1337,STARD4-AS1
1338,EPB41L4A
1339,MCC
1340,CCDC112
1341,LVRN
1342,AC034236.3
1343,COMMD10
1344,SEMA6A-AS1
1345,AC114311.1
1346,DTWD2
1347,AC008629.1
1348,PRR16
1349,SNX24
1350,CSNK1G3
1351,LINC02240
1352,AC116362.1
1353,GRAMD2B
1354,ALDH7A1
1355,MARCH3
1356,AC011416.3
1357,AC011416.4
1358,LINC01184
1359,SLC12A2
1360,CHSY3
1361,RAPGEF6
1362,MEIKIN
1363,AC034228.3
1364,IL3
1365,CSF2
1366,IL5
1367,IL13
1368,FSTL4
1369,AC008608.2
1370,TCF7
1371,AC005355.1
1372,CATSPER3
1373,SLC25A48
1374,IL9
1375,TRPC7
1376,AC106791.1
1377,EGR1
1378,MZB1
1379,HBEGF
1380,AC008438.1
1381,DND1
1382,PCDHB2
1383,PCDHGB2
1384,AC005740.4
1385,ARHGAP26
1386,ARHGAP26-AS1
1387,NR3C1
1388,KCTD16
1389,PRELID2
1390,AC011396.2
1391,AC008728.1
1392,PPP2R2B
1393,JAKMIP2
1394,AC011370.1
1395,AC011346.1
1396,SH3TC2
1397,ABLIM3
1398,CD74
1399,IRGM
1400,LINC01933
1401,GALNT10
1402,SGCD
1403,AC025434.1
1404,HAVCR2
1405,ITK
1406,ADAM19
1407,SOX30
1408,C5orf52
1409,LINC02227
1410,EBF1
1411,AC008691.1
1412,ADRA1B
1413,GABRB2
1414,AC113414.1
1415,TENM2
1416,LCP2
1417,RANBP17
1418,UBTD2
1419,SH3PXD2B
1420,CPEB4
1421,C5orf47
1422,NSG2
1423,HRH2
1424,AC138965.1
1425,AC139491.8
1426,GMCL2
1427,RNF130
1428,AC010285.3
1429,GFPT2
1430,BTNL3
1431,AC008443.4
1432,AC008443.3
1433,IRF4
1434,AL512308.1
1435,GMDS
1436,GMDS-DT
1437,LINC01600
1438,SLC22A23
1439,AL033523.1
1440,LYRM4
1441,LY86-AS1
1442,LY86
1443,BMP6
1444,HULC
1445,GCNT2
1446,AL358777.1
1447,AL024498.1
1448,SYCP2L
1449,NEDD9
1450,TMEM170B
1451,HIVEP1
1452,GFOD1
1453,CD83
1454,AL138720.1
1455,JARID2
1456,DTNBP1
1457,ATXN1
1458,AL136305.1
1459,RBM24
1460,KIF13A
1461,NHLRC1
1462,RNF144B
1463,MIR548A1HG
1464,MBOAT1
1465,AL158198.1
1466,AL132775.1
1467,AL512380.2
1468,SOX4
1469,CASC15
1470,NBAT1
1471,DCDC2
1472,KIAA0319
1473,CARMIL1
1474,SLC17A1
1475,SLC17A3
1476,HIST1H4A
1477,HIST1H4F
1478,AL513548.4
1479,LINC00240
1480,HIST1H2AI
1481,HIST1H3J
1482,NKAPL
1483,ZNF311
1484,OR14J1
1485,OR5V1
1486,HCG20
1487,LTA
1488,LTB
1489,HSPA1A
1490,HSPA1B
1491,C4B
1492,AL662884.3
1493,TSBP1-AS1
1494,HLA-DRA
1495,HLA-DRB1
1496,HLA-DQA1
1497,HLA-DQB1
1498,HLA-DPA1
1499,GRM4
1500,PACSIN1
1501,FKBP5
1502,AL033519.5
1503,ARMC12
1504,CLPSL1
1505,Z84485.1
1506,MDGA1
1507,BTBD9
1508,DNAH8
1509,KIF6
1510,DAAM2
1511,TDRG1
1512,LINC00951
1513,AL139275.1
1514,LRFN2
1515,AL031778.1
1516,LINC01276
1517,USP49
1518,AL512274.1
1519,TRERF1
1520,CRIP3
1521,CAPN11
1522,HSP90AB1
1523,SUPT3H
1524,RUNX2
1525,CLIC5
1526,RCAN2
1527,TDRD6
1528,AL451166.1
1529,ADGRF2
1530,GLYATL3
1531,GSTA4
1532,AL033397.2
1533,KLHL31
1534,AL590652.1
1535,LRRC1
1536,DST
1537,PRIM2
1538,AL445250.1
1539,KHDRBS2
1540,LGSN
1541,PTP4A1
1542,SCAT8
1543,AL606923.2
1544,ADGRB3
1545,COL19A1
1546,COL9A1
1547,FAM135A
1548,LINC00472
1549,FO393414.3
1550,KCNQ5
1551,OOEP-AS1
1552,AL121972.1
1553,CD109
1554,FILIP1
1555,MYO6
1556,IRAK1BP1
1557,SH3BGRL2
1558,BCKDHB
1559,AL359715.2
1560,TENT5A
1561,UBE3D
1562,DOP1A
1563,ME1
1564,PRSS35
1565,LINC02857
1566,MRAP2
1567,CEP162
1568,ANKRD6
1569,BACH2
1570,AL132996.1
1571,UFL1-AS1
1572,FHL5
1573,GPR63
1574,KLHL32
1575,MMS22L
1576,AL589740.1
1577,FAXC
1578,ASCC3
1579,GRIK2
1580,AL357522.1
1581,BVES
1582,AL591518.1
1583,RTN4IP1
1584,PDSS2
1585,SOBP
1586,SCML4
1587,AFG1L
1588,FOXO3
1589,Z95118.2
1590,ARMC2
1591,SESN1
1592,CEP57L1
1593,AL109947.1
1594,AK9
1595,WASF1
1596,METTL24
1597,CDK19
1598,SLC16A10
1599,REV3L
1600,TRAF3IP2-AS1
1601,FYN
1602,MARCKS
1603,LINC01268
1604,FRK
1605,NT5DC1
1606,DSE
1607,SLC35F1
1608,MCM9
1609,AL137009.1
1610,FAM184A
1611,MAN1A1
1612,AL096854.1
1613,TBC1D32
1614,PKIB
1615,NKAIN2
1616,TPD52L1
1617,TRMT11
1618,THEMIS
1619,PTPRK
1620,AL590006.1
1621,AL356124.1
1622,ARHGAP18
1623,TMEM244
1624,SAMD3
1625,TMEM200A
1626,EPB41L2
1627,AKAP7
1628,ENPP3
1629,ENPP1
1630,AL133346.1
1631,LINC01013
1632,STX7
1633,AL032821.1
1634,LINC00326
1635,AL078590.2
1636,MYB
1637,AHI1
1638,AL049552.2
1639,LINC00271
1640,PDE7B
1641,AL360178.1
1642,MAP7
1643,MAP3K5
1644,PEX7
1645,IL20RA
1646,WAKMAR2
1647,TNFAIP3
1648,LINC02528
1649,NHSL1
1650,AL592429.2
1651,FILNC1
1652,NMBR
1653,ADGRG6
1654,HIVEP2
1655,LINC01277
1656,AIG1
1657,PHACTR2
1658,PLAGL1
1659,UTRN
1660,EPM2A
1661,AL356599.1
1662,GRM1
1663,STXBP5-AS1
1664,STXBP5
1665,UST
1666,AL358852.1
1667,LRP11
1668,PPP1R14C
1669,PLEKHG1
1670,AKAP12
1671,CCDC170
1672,ESR1
1673,SYNE1
1674,RGS17
1675,IPCEF1
1676,AL589693.1
1677,ZDHHC14
1678,SNX9
1679,AL391863.1
1680,SYTL3
1681,RSPH3
1682,AL035530.2
1683,AL356417.3
1684,AL078604.4
1685,AGPAT4
1686,PRKN
1687,PACRG
1688,RPS6KA2
1689,Z94721.1
1690,AL121935.1
1691,TCP10L2
1692,AFDN
1693,WDR27
1694,LINC00574
1695,AL008628.1
1696,AC073957.2
1697,SNX8
1698,AC024028.1
1699,SDK1
1700,AC092171.3
1701,ACTB
1702,CYTH3
1703,FAM220A
1704,AC079804.3
1705,COL28A1
1706,AC004982.2
1707,UMAD1
1708,GLCCI1
1709,ICA1
1710,AC006042.1
1711,NXPH1
1712,AC004949.1
1713,PHF14
1714,AC004160.1
1715,AC011287.1
1716,CRPPA
1717,AHR
1718,AC073332.1
1719,AC019117.1
1720,HDAC9
1721,AC005062.1
1722,MACC1
1723,AC005083.1
1724,RAPGEF5
1725,STEAP1B
1726,FAM126A
1727,KLHL7
1728,AC005082.2
1729,GPNMB
1730,STK31
1731,AC003044.1
1732,MPP6
1733,OSBPL3
1734,AC005100.1
1735,SNX10
1736,AC004540.2
1737,SKAP2
1738,HOXA9
1739,AC004009.1
1740,HIBADH
1741,JAZF1
1742,AC007255.1
1743,PLEKHA8
1744,ZNRF2
1745,BBS9
1746,AC008080.4
1747,BMPER
1748,AC005400.1
1749,TBX20
1750,EEPD1
1751,ANLN
1752,AOAH
1753,AOAH-IT1
1754,EPDR1
1755,NME8
1756,TRGC2
1757,TRGC1
1758,POU6F2-AS2
1759,AC011290.1
1760,RALA
1761,SUGCT
1762,LINC01449
1763,INHBA
1764,AC005537.1
1765,TNS3
1766,PKD1L1
1767,SUN3
1768,ABCA13
1769,ZPBP
1770,AC020743.1
1771,GRB10
1772,COBL
1773,LINC01445
1774,AC074351.1
1775,VOPP1
1776,ZNF713
1777,AC092634.8
1778,AC115220.1
1779,VKORC1L1
1780,TPST1
1781,LINC00174
1782,AUTS2
1783,CALN1
1784,FKBP6
1785,METTL27
1786,HIP1
1787,CCL24
1788,CCDC146
1789,PTPN12
1790,PHTF2
1791,MAGI2
1792,GNAI1
1793,SEMA3C
1794,SEMA3A
1795,AC074183.1
1796,SEMA3D
1797,AC005009.2
1798,KIAA1324L
1799,AC005076.1
1800,ABCB4
1801,ABCB1
1802,RUNDC3B
1803,ADAM22
1804,AC003991.1
1805,ZNF804B
1806,AC004969.1
1807,CFAP69
1808,CDK14
1809,AC079760.1
1810,LRRD1
1811,ANKIB1
1812,CDK6
1813,AC002454.1
1814,VPS50
1815,GNGT1
1816,TFPI2
1817,PEG10
1818,PPP1R9A
1819,ASB4
1820,SLC25A13
1821,AC004522.3
1822,NYAP1
1823,ACHE
1824,AC254629.1
1825,SERPINE1
1826,NAT16
1827,COL26A1
1828,FAM185A
1829,FBXL13
1830,SRPK2
1831,PUS7
1832,EFCAB10
1833,ATXN7L1
1834,CDHR3
1835,NAMPT
1836,AC005050.3
1837,AC006387.1
1838,LAMB4
1839,NRCAM
1840,AC073114.1
1841,IMMP2L
1842,LRRN3
1843,DOCK4
1844,ZNF277
1845,BMT2
1846,PPP1R3A
1847,FOXP2
1848,MDFIC
1849,LINC01393
1850,LINC01392
1851,TFEC
1852,AC002066.1
1853,CTTNBP2
1854,ANKRD7
1855,AASS
1856,AC015983.2
1857,IQUB
1858,AC006148.1
1859,POT1
1860,POT1-AS1
1861,AC073934.1
1862,OPN1SW
1863,AHCYL2
1864,STRIP2
1865,KLHDC10
1866,CPA5
1867,COPG2
1868,AC016831.7
1869,PLXNA4
1870,EXOC4
1871,AC009275.1
1872,CALD1
1873,AC083870.1
1874,AGBL3
1875,AC091736.1
1876,AC078845.1
1877,KIAA1549
1878,TTC26
1879,AC083880.1
1880,TBXAS1
1881,KDM7A
1882,AC006452.1
1883,TMEM178B
1884,AC073878.1
1885,MGAM
1886,TRBV3-1
1887,TRBV14
1888,TRBV23-1
1889,TRBV24-1
1890,TRBVB
1891,TRBV28
1892,TRBJ1-5
1893,TRBC1
1894,CLCN1
1895,EPHA1-AS1
1896,TPK1
1897,AC006974.1
1898,EZH2
1899,LINC00996
1900,TMEM176B
1901,LINC01003
1902,AC006372.3
1903,AC136777.1
1904,AC246817.2
1905,AC246817.1
1906,MCPH1
1907,AC018398.1
1908,AF233439.1
1909,PRAG1
1910,AC103957.1
1911,MFHAS1
1912,AC034111.2
1913,MSRA
1914,XKR6
1915,BLK
1916,AC068587.4
1917,AC130352.1
1918,DLC1
1919,MSR1
1920,AC011586.1
1921,MICU3
1922,PDGFRL
1923,PSD3
1924,AC100849.1
1925,CSGALNACT1
1926,LPL
1927,LZTS1-AS1
1928,PIWIL2
1929,EGR3
1930,AC090197.1
1931,ADAM28
1932,AC120193.1
1933,NEFM
1934,DOCK5
1935,CDCA2
1936,STMN4
1937,CHRNA2
1938,SCARA5
1939,AC021678.2
1940,FZD3
1941,INTS9-AS1
1942,DUSP4
1943,AC102945.1
1944,PURG
1945,WRN
1946,AC009563.1
1947,AC090204.1
1948,FUT10
1949,AC090993.1
1950,AC137579.1
1951,AC138356.1
1952,RAB11FIP1
1953,FGFR1
1954,ADAM9
1955,ADAM32
1956,ADAM18
1957,IDO2
1958,AC105999.1
1959,ZMAT4
1960,AC083973.1
1961,SPIDR
1962,CEBPD
1963,AC021236.1
1964,PXDNL
1965,LYN
1966,PLAG1
1967,AC012349.1
1968,FAM110B
1969,TOX
1970,CA8
1971,LINC01301
1972,CHD7
1973,AC113143.3
1974,CLVS1
1975,ASPH
1976,LINC02842
1977,NKAIN3
1978,CYP7B1
1979,PDE7A
1980,AC009879.4
1981,MYBL1
1982,MCMDC2
1983,CPA6
1984,PREX2
1985,SLCO5A1
1986,AC120194.1
1987,XKR9
1988,MSC-AS1
1989,AC078906.1
1990,SBSPON
1991,C8orf89
1992,STAU2
1993,AC022868.2
1994,AC087672.2
1995,AC087627.1
1996,JPH1
1997,GDAP1
1998,MIR2052HG
1999,AC011632.1
2000,CASC9
2001,HNF4G
2002,PKIA-AS1
2003,PKIA
2004,ZC2HC1A
2005,IL7
2006,AC083837.1
2007,AC036214.1
2008,MRPS28
2009,TPD52
2010,ZNF704
2011,AC012533.1
2012,PAG1
2013,AC060765.1
2014,CA3
2015,AC084734.1
2016,SLC7A13
2017,AF117829.1
2018,RIPK2
2019,LINC00534
2020,PIP4P2
2021,LRRC69
2022,SLC26A7
2023,LINC00535
2024,TMEM67
2025,CDH17
2026,GEM
2027,RAD54B
2028,C8orf37-AS1
2029,AC012339.1
2030,CPQ
2031,ERICH5
2032,NIPAL2
2033,STK3
2034,AC107909.2
2035,FBXO43
2036,RNF19A
2037,SNX31
2038,NCALD
2039,AZIN1-AS1
2040,AP003354.1
2041,BAALC
2042,BAALC-AS1
2043,RIMS2
2044,LRP12
2045,OXR1
2046,AC090579.1
2047,ANGPT1
2048,TMEM74
2049,AC104248.1
2050,PKHD1L1
2051,LINC01608
2052,TRPS1
2053,RAD21-AS1
2054,AARD
2055,EXT1
2056,SAMD12
2057,SAMD12-AS1
2058,ENPP2
2059,AP005717.1
2060,DEPTOR
2061,SNTB1
2062,AC068413.1
2063,HAS2
2064,FER1L6
2065,FER1L6-AS2
2066,AC090921.1
2067,TMEM65
2068,LINC00964
2069,NSMCE2
2070,AC016074.2
2071,LINC00861
2072,PCAT1
2073,AC104370.1
2074,AC108925.1
2075,PVT1
2076,LINC00824
2077,ASAP1
2078,AC009682.1
2079,KCNQ3
2080,HPYR1
2081,LRRC6
2082,AC083843.1
2083,AC105213.1
2084,PTK2
2085,ADGRB1
2086,LYNX1
2087,GML
2088,LY6E-DT
2089,AC138696.2
2090,AC067930.1
2091,IQANK1
2092,ZNF16
2093,AF235103.1
2094,KANK1
2095,VLDLR-AS1
2096,RFX3
2097,RFX3-AS1
2098,GLIS3
2099,SPATA6L
2100,JAK2
2101,PLGRKT
2102,AL162253.2
2103,GLDC
2104,PTPRD
2105,ZDHHC21
2106,FREM1
2107,CCDC171
2108,BNC2
2109,SAXO1
2110,AL161909.2
2111,ACER2
2112,MLLT3
2113,FOCAD
2114,MIR31HG
2115,CDKN2B-AS1
2116,IFT74
2117,MOB3B
2118,LINGO2
2119,LINC01242
2120,C9orf24
2121,DNAJB5-DT
2122,UNC13B
2123,RUSC2
2124,PAX5
2125,ZCCHC7
2126,DCAF10
2127,FAM201A
2128,ANKRD20A1
2129,PIP5K1B
2130,TJP2
2131,APBA1
2132,C9orf135
2133,MAMDC2-AS1
2134,SMC5-AS1
2135,TRPM3
2136,CEMIP2
2137,C9orf85
2138,TMC1
2139,ANXA1
2140,RORB
2141,TRPM6
2142,PCSK5
2143,GCNT1
2144,GNAQ
2145,TLE4
2146,TLE1
2147,AL591368.1
2148,RASEF
2149,FRMD3
2150,GKAP1
2151,KIF27
2152,NTRK2
2153,AGTPBP1
2154,C9orf153
2155,LINC02834
2156,SHC3
2157,AL353150.1
2158,LINC01508
2159,SYK
2160,ROR2
2161,CENPP
2162,WNK2
2163,NUTM2F
2164,AL157936.1
2165,AOPEP
2166,AL807757.2
2167,FANCC
2168,LINC00476
2169,CDC14B
2170,AL512590.3
2171,COL15A1
2172,STX17-AS1
2173,NR4A3
2174,INVS
2175,LINC01492
2176,ABCA1
2177,SLC44A1
2178,LINC01505
2179,ZNF462
2180,AL807761.4
2181,CTNNAL1
2182,PALM2-AKAP2
2183,LPAR1
2184,HSDL2
2185,KIAA1958
2186,SLC46A2
2187,WDR31
2188,ZNF618
2189,WHRN
2190,TEX53
2191,DEC1
2192,TNFSF8
2193,ASTN2
2194,AL157829.1
2195,MEGF9
2196,C5
2197,AL359644.1
2198,AL359636.2
2199,STRBP
2200,CRB2
2201,DENND1A
2202,NR6A1
2203,MIR181A2HG
2204,SCAI
2205,PBX3
2206,MVB12B
2207,AL360268.1
2208,IER5L
2209,AL158151.1
2210,AL161785.3
2211,AL161785.1
2212,ABL1
2213,LAMC3
2214,AL157938.4
2215,CFAP77
2216,AL445645.1
2217,C9orf116
2218,LCN12
2219,PTGDS
2220,STPG3-AS1
2221,CACNA1B
2222,DIP2C
2223,AL669841.1
2224,AL450322.2
2225,KLF6
2226,AC025822.2
2227,AKR1C4
2228,AL732437.2
2229,IL2RA
2230,AL157395.1
2231,LINC02649
2232,LINP1
2233,LINC00707
2234,SFMBT2
2235,TAF3
2236,AC025946.1
2237,USP6NL
2238,CAMK1D
2239,AL353586.1
2240,CCDC3
2241,BEND7
2242,FRMD4A
2243,AL157896.1
2244,FAM171A1
2245,RSU1
2246,CUBN
2247,VIM
2248,ST8SIA6
2249,PLXDC2
2250,NEBL
2251,DNAJC1
2252,AL359697.1
2253,AL356113.1
2254,ARHGAP21
2255,ANKRD26
2256,ARMC4
2257,MPP7
2258,MPP7-DT
2259,SVIL
2260,JCAD
2261,MAP3K8
2262,ZNF438
2263,AL359532.1
2264,ZEB1-AS1
2265,ZEB1
2266,CCDC7
2267,ITGB1
2268,IATPR
2269,PARD3
2270,CREM
2271,ANKRD30A
2272,LINC01518
2273,AC068707.1
2274,AL450326.3
2275,ZNF32-AS3
2276,ZNF32-AS1
2277,AL353801.3
2278,ALOX5
2279,MAPK8
2280,WDFY4
2281,AL589794.2
2282,PRKG1
2283,LNCAROD
2284,BICC1
2285,SLC16A9
2286,ANK3
2287,LINC02625
2288,ARID5B
2289,RTKN2
2290,ZNF365
2291,AC067751.1
2292,REEP3
2293,AC013287.1
2294,LINC01515
2295,CTNNA3
2296,PBLD
2297,TET1
2298,SRGN
2299,PRF1
2300,MICU1
2301,MCU
2302,PLA2G12B
2303,CFAP70
2304,USP54
2305,ADK
2306,KAT6B
2307,ZNF503-AS1
2308,LRMDA
2309,NUTM2E
2310,TMEM254-AS1
2311,CDHR1
2312,LINC00858
2313,LDB3
2314,BMPR1A
2315,MMRN2
2316,ADIRF
2317,RNLS
2318,STAMBPL1
2319,IFIT3
2320,IFIT1
2321,SLC16A12
2322,LINC01374
2323,HTR7
2324,HECTD2
2325,CPEB3
2326,KIF11
2327,EXOC6
2328,MYOF
2329,CEP55
2330,SLC35G1
2331,SORBS1
2332,ENTPD1
2333,CC2D2B
2334,BLNK
2335,AL136181.1
2336,DNTT
2337,PIK3AP1
2338,AL355490.1
2339,SFRP5
2340,AL133353.1
2341,CPN1
2342,AL139819.1
2343,PDZD7
2344,BTRC
2345,CYP17A1
2346,CNNM2
2347,SH3PXD2A-AS1
2348,COL17A1
2349,GSTO2
2350,SORCS3
2351,SORCS1
2352,LINC01435
2353,LINC02661
2354,MXI1
2355,RBM20
2356,PDCD4
2357,AL136119.1
2358,VTI1A
2359,TCF7L2
2360,HABP2
2361,ADRB1
2362,AC022023.2
2363,ABLIM1
2364,ATRNL1
2365,PNLIP
2366,CASC2
2367,INPP5F
2368,AC023282.1
2369,WDR11-AS1
2370,FGFR2
2371,HTRA1
2372,LINC02641
2373,AL513190.1
2374,CTBP2
2375,TEX36
2376,AL158835.2
2377,DHX32
2378,ADAM12
2379,C10orf90
2380,DOCK1
2381,LINC01163
2382,MGMT
2383,TCERG1L
2384,SCART1
2385,AC069287.2
2386,AC136475.8
2387,MIR210HG
2388,KCNQ1OT1
2389,AC127526.2
2390,MMP26
2391,HBD
2392,AC104389.5
2393,OR51I2
2394,TRIM6
2395,AC022762.1
2396,CNGA4
2397,HPX
2398,AC087280.2
2399,ZNF215
2400,ZNF214
2401,NLRP14
2402,OLFML1
2403,STK33
2404,ST5
2405,AC079296.1
2406,SWAP70
2407,LINC02709
2408,SBF2
2409,AC069360.1
2410,GALNT18
2411,DKK3
2412,MICAL2
2413,PARVA
2414,TEAD1
2415,BTBD10
2416,AC021269.3
2417,PTH
2418,SPON1
2419,RRAS2
2420,PSMA1
2421,PDE3B
2422,CALCB
2423,INSC
2424,SOX6
2425,PLEKHA7
2426,LDHC
2427,UEVLD
2428,TMEM86A
2429,NAV2
2430,ANO5
2431,GAS2
2432,AC006299.1
2433,LINC02718
2434,ANO3
2435,BBOX1-AS1
2436,LGR4
2437,BDNF-AS
2438,AC103796.1
2439,KIF18A
2440,METTL15
2441,AC013714.1
2442,MPPED2
2443,DCDC1
2444,IMMP1L
2445,ELP4
2446,PAX6
2447,PAUPAR
2448,AL035078.1
2449,CSTF3-DT
2450,AC090469.1
2451,ABTB2
2452,AL356215.1
2453,FJX1
2454,LDLRAD3
2455,PRR5L
2456,C11orf74
2457,LRRC4C
2458,AC087276.1
2459,TSPAN18-AS1
2460,TSPAN18
2461,AC044839.1
2462,PHF21A
2463,MDK
2464,C11orf49
2465,PTPRJ
2466,PTPRJ-AS1
2467,P2RX3
2468,PRG2
2469,OR9Q1
2470,OR5B2
2471,OR5B21
2472,GLYATL1
2473,AP001636.3
2474,LINC02739
2475,MS4A6A
2476,MS4A5
2477,MS4A1
2478,PTGDR2
2479,AP003721.4
2480,ASRGL1
2481,SCGB1A1
2482,AHNAK
2483,GNG3
2484,SLC22A24
2485,PLAAT5
2486,RTN3
2487,AP000944.6
2488,CDC42EP2
2489,NEAT1
2490,CTSW
2491,PACS1
2492,CNIH2
2493,AP001107.6
2494,TBX10
2495,AP003071.2
2496,CTTN
2497,FCHSD2
2498,AP000763.4
2499,FAM168A
2500,PGM2L1
2501,AP001972.3
2502,ACER3
2503,GDPD4
2504,PAK1
2505,AP002812.2
2506,GAB2
2507,NARS2
2508,MIR4300HG
2509,AP000893.2
2510,RAB30
2511,AP000446.1
2512,DLG2
2513,AP001825.1
2514,SYTL2
2515,CCDC83
2516,ME3
2517,AP003059.2
2518,PRSS23
2519,AP001528.1
2520,FZD4-DT
2521,TMEM135
2522,AP000676.5
2523,GRM5
2524,DISC1FP1
2525,PIWIL4
2526,AP002383.2
2527,KDM4D
2528,SESN3
2529,AP001790.1
2530,MAML2
2531,AP003066.1
2532,ARHGAP42
2533,TRPC6
2534,CEP126
2535,BIRC3
2536,DYNC2H1
2537,AP002989.1
2538,PDGFD
2539,LINC02552
2540,GUCY1A2
2541,EXPH5
2542,DDX10
2543,ZC3H12C
2544,LINC02732
2545,ARHGAP20
2546,COLCA2
2547,POU2AF1
2548,SIK2
2549,HSPB2
2550,BCO2
2551,LINC02762
2552,LINC02763
2553,NCAM1
2554,AP000880.1
2555,ZBTB16
2556,AP002518.1
2557,CADM1
2558,AP000462.1
2559,APOA1
2560,DSCAML1
2561,TMPRSS4
2562,JAML
2563,AP002954.2
2564,AP004609.3
2565,AP003392.3
2566,NECTIN1-AS1
2567,ARHGEF12
2568,GRIK4
2569,AP001977.1
2570,MIR100HG
2571,UBASH3B
2572,CRTAM
2573,GRAMD1B
2574,SPA17
2575,ROBO4
2576,PKNOX2
2577,CDON
2578,AP001893.1
2579,LINC02725
2580,ARHGAP32
2581,TMEM45B
2582,ZBTB44-DT
2583,LINC02731
2584,JAM3
2585,GLB1L3
2586,SLC6A12
2587,B4GALNT3
2588,AC004765.1
2589,DCP1B
2590,LINC02371
2591,TEAD4
2592,TSPAN9
2593,CCND2
2594,FGF6
2595,GAPDH
2596,AC018653.3
2597,AC018653.1
2598,FAM90A1
2599,LINC00937
2600,KLRG1
2601,A2M-AS1
2602,KLRB1
2603,CLECL1
2604,CD69
2605,KLRF1
2606,KLRD1
2607,KLRK1
2608,KLRC3
2609,KLRC2
2610,KLRC1
2611,LINC02446
2612,STYK1
2613,PRH1
2614,AC244131.2
2615,PRB1
2616,LINC01252
2617,ETV6
2618,BCL2L14
2619,LRP6
2620,DUSP16
2621,GPR19
2622,AC008115.2
2623,APOLD1
2624,GPRC5A
2625,GPRC5D-AS1
2626,AC092112.1
2627,PLBD1-AS1
2628,AC007655.2
2629,ART4
2630,RERG
2631,EPS8
2632,DERA
2633,AC048352.1
2634,PIK3C2G
2635,PLEKHA5
2636,AC024901.1
2637,LINC02398
2638,SLCO1A2
2639,AC010197.1
2640,ABCC9
2641,ST8SIA1
2642,AC087241.2
2643,AC084816.1
2644,SOX5
2645,BCAT1
2646,AC023796.2
2647,LRMP
2648,RASSF8
2649,STK38L
2650,ARNTL2
2651,ARNTL2-AS1
2652,PPFIBP1
2653,AC009509.1
2654,REP15
2655,AC009511.2
2656,AC008011.2
2657,CCDC91
2658,FAR2
2659,AC009318.1
2660,OVCH1
2661,AC010198.1
2662,AC024940.1
2663,DENND5B
2664,DENND5B-AS1
2665,AC068774.1
2666,AMN1
2667,BICD1
2668,FGD4
2669,PKP2
2670,CPNE8
2671,KIF21A
2672,ABCD2
2673,C12orf40
2674,SLC2A13
2675,LRRK2
2676,AC090630.1
2677,AC006197.2
2678,YAF2
2679,ADAMTS20
2680,TMEM117
2681,NELL2
2682,ANO6
2683,AC008014.1
2684,PCED1B
2685,AC004801.3
2686,AC024257.1
2687,AC090115.1
2688,DHH
2689,SPATS2
2690,GPD1
2691,FAM186A
2692,SLC4A8
2693,SCN8A
2694,NR4A1
2695,AC025259.1
2696,SMIM41
2697,KRT1
2698,TNS2
2699,IGFBP6
2700,AC024884.2
2701,RBMS2
2702,HSD17B6
2703,AGAP2-AS1
2704,AC083805.2
2705,SLC16A7
2706,AC090629.1
2707,TAFA2
2708,RXYLT1-AS1
2709,SRGAP1
2710,AC020611.2
2711,AC025576.1
2712,RASSF3
2713,AC025262.1
2714,LINC02389
2715,MSRB3
2716,HMGA2
2717,GRIP1
2718,LINC01479
2719,IFNG-AS1
2720,IFNG
2721,IL26
2722,IL22
2723,LINC02384
2724,CPM
2725,AC025263.1
2726,MYRFL
2727,AC025159.1
2728,KCNMB4
2729,AC025569.1
2730,PTPRR
2731,TSPAN8
2732,TPH2
2733,CAPS2
2734,GLIPR1L2
2735,AC078923.1
2736,OSBPL8
2737,SYT1
2738,PAWR
2739,PTPRQ
2740,LIN7A
2741,PPFIA2
2742,METTL25
2743,TMTC2
2744,CEP290
2745,TMTC3
2746,LINC02458
2747,ATP2B1
2748,AC009522.1
2749,AC112481.2
2750,LINC01619
2751,AC025164.1
2752,LINC02391
2753,LINC02397
2754,EEA1
2755,AC124947.1
2756,CRADD
2757,TMCC3
2758,USP44
2759,NTN4
2760,AMDHD1
2761,CFAP54
2762,AC007656.2
2763,AC016152.1
2764,IKBIP
2765,ANKS1B
2766,SLC17A8
2767,ANO4
2768,CHPT1
2769,GNPTAB
2770,DRAM1
2771,PARPBP
2772,PMCH
2773,HELLPAR
2774,LINC02456
2775,IGF1
2776,AC068643.1
2777,C12orf42
2778,AC089983.1
2779,CHST11
2780,SLC41A2
2781,AC011313.1
2782,NUAK1
2783,CRY1
2784,BTBD11
2785,FAM222A
2786,FAM222A-AS1
2787,IFT81
2788,HVCN1
2789,CCDC63
2790,CUX2
2791,AC089999.1
2792,LINC02463
2793,AC012157.2
2794,AC125603.2
2795,KSR2
2796,SRRM4
2797,CCDC60
2798,AC002070.1
2799,BICDL1
2800,CABP1
2801,AC069234.2
2802,OASL
2803,AC048337.1
2804,LRRC43
2805,AC068768.1
2806,AC073592.1
2807,AC007368.1
2808,LINC00944
2809,AC079949.6
2810,LINC02414
2811,AC137590.2
2812,AC127070.1
2813,ZNF10
2814,TPTE2
2815,IFT88
2816,AL161772.1
2817,EEF1AKMT1
2818,AL136962.1
2819,MIPEP
2820,RNF17
2821,AMER2
2822,SHISA2
2823,CDK8
2824,USP12-AS2
2825,FLT1
2826,LINC00544
2827,KATNAL1
2828,TEX26-AS1
2829,FRY
2830,BRCA2
2831,STARD13
2832,RFC3
2833,NBEA
2834,SOHLH2
2835,CCDC169
2836,LINC00571
2837,STOML3
2838,LHFPL6
2839,COG6
2840,LINC00598
2841,LINC00332
2842,FOXO1
2843,AL354696.2
2844,VWA8
2845,DGKH
2846,LINC02341
2847,EPSTI1
2848,ENOX1
2849,SMIM2-AS1
2850,TSC22D1
2851,SIAH3
2852,CPB2
2853,LRRC63
2854,LINC00563
2855,RUBCNL
2856,AL359880.1
2857,SUCLA2-AS1
2858,RB1
2859,CAB39L
2860,DLEU2
2861,DLEU1
2862,RNASEH2B-AS1
2863,INTS6
2864,WDFY2
2865,AL356295.1
2866,DIAPH3
2867,TDRD3
2868,LINC00378
2869,LINC00355
2870,PCDH9
2871,DACH1
2872,PIBF1
2873,KLF12
2874,LINC00402
2875,AL353660.1
2876,LINC00381
2877,NDFIP2
2878,SPRY2
2879,AL162493.1
2880,MIR4500HG
2881,SLITRK5
2882,GPC5
2883,GPC6
2884,DCT
2885,SOX21-AS1
2886,AL139381.1
2887,ABCC4
2888,DNAJC3-DT
2889,UGGT2
2890,SLC15A1
2891,CLYBL
2892,PCCA
2893,NALCN-AS1
2894,NALCN
2895,FGF14
2896,CCDC168
2897,AL139379.1
2898,TNFSF13B
2899,AL138694.1
2900,MYO16
2901,AL163541.1
2902,LINC00354
2903,GRTP1-AS1
2904,LINC00452
2905,OR11G2
2906,OR4E2
2907,TRAV8-5
2908,TRAV27
2909,AC244502.1
2910,TRAV34
2911,TRDC
2912,TRAJ55
2913,TRAJ50
2914,TRAJ44
2915,TRAJ28
2916,TRAJ26
2917,TRAJ16
2918,TRAJ8
2919,TRAJ7
2920,TRAJ3
2921,LINC02332
2922,RNF212B
2923,TSSK4
2924,LTB4R2
2925,GZMH
2926,GZMB
2927,NOVA1
2928,LINC02327
2929,LINC02326
2930,AL135878.1
2931,PRKD1
2932,STRN3
2933,NUBPL
2934,AKAP6
2935,NPAS3
2936,EGLN3
2937,PRORP
2938,AL162311.1
2939,AL133304.3
2940,LINC00609
2941,AL132857.1
2942,SLC25A21
2943,AL049828.1
2944,AL049828.2
2945,LINC02315
2946,LRFN5
2947,AL049870.3
2948,TOGARAM1
2949,FANCM
2950,LINC00648
2951,AL358335.2
2952,AL139099.1
2953,AL591767.1
2954,L2HGDH
2955,ATL1
2956,TRIM9
2957,LINC00519
2958,FRMD6
2959,GNG2
2960,NID2
2961,PTGDR
2962,TXNDC16
2963,GPR137C
2964,AL139317.5
2965,AL139317.1
2966,FERMT2
2967,AL365295.1
2968,SAMD4A
2969,WDHD1
2970,FBXO34
2971,KTN1-AS1
2972,PELI2
2973,LINC02284
2974,AL391152.1
2975,SLC35F4
2976,AL161804.1
2977,KIAA0586
2978,LINC01500
2979,DAAM1
2980,CCDC175
2981,RTN1
2982,LRRC9
2983,AL157911.1
2984,PCNX4
2985,MNAT1
2986,AL359220.1
2987,LINC01303
2988,AL355916.1
2989,HIF1A
2990,SYT16
2991,SGPP1
2992,PPP1R36
2993,AL049869.2
2994,FUT8
2995,AL359232.1
2996,GPHN
2997,RAD51B
2998,ZFP36L1
2999,GALNT16
3000,SMOC1
3001,SLC8A3
3002,AL356804.1
3003,AL357153.2
3004,AC004817.3
3005,AC004817.5
3006,SIPA1L1
3007,DPF3
3008,AL442663.3
3009,LIN52
3010,VSX2
3011,LTBP2
3012,FOS
3013,LINC01220
3014,FLVCR2
3015,TTLL5
3016,ESRRB
3017,AC007376.2
3018,LINC01629
3019,NOXRED1
3020,AC008056.1
3021,DIO2
3022,CEP128
3023,TSHR
3024,AC007262.2
3025,STON2
3026,AL355838.1
3027,LINC02301
3028,LINC02328
3029,LINC02296
3030,LINC01146
3031,SPATA7
3032,PTPN21
3033,EML5
3034,TTC8
3035,EFCAB11
3036,KCNK13
3037,RPS6KA5
3038,AL133153.2
3039,CATSPERB
3040,TC2N
3041,RIN3
3042,FAM181A-AS1
3043,PPP4R4
3044,AL133467.2
3045,AL139020.1
3046,LINC02299
3047,LINC02291
3048,LINC01550
3049,AL163932.1
3050,BCL11B
3051,AL110504.1
3052,CYP46A1
3053,WARS
3054,MEG3
3055,LINC02320
3056,TMEM179
3057,AL512356.4
3058,IGHE
3059,IGHG4
3060,IGHG2
3061,IGHG1
3062,IGHG3
3063,IGHM
3064,IGHV3-32
3065,IGHV4-34
3066,IGHV4-39
3067,LINC00221
3068,IGHVIII-76-1
3069,LINC01193
3070,MKRN3
3071,AC087490.1
3072,PWRN1
3073,ATP10A
3074,AC016266.1
3075,GABRB3
3076,GABRG3-AS1
3077,GOLGA6L7
3078,APBA2
3079,LINC02249
3080,ARHGAP11B
3081,OTUD7A
3082,FMN1
3083,AVEN
3084,SLC12A6
3085,AC021231.1
3086,DPH6
3087,DPH6-DT
3088,C15orf41
3089,AC068875.1
3090,LINC02345
3091,SPRED1
3092,LINC02694
3093,AC013652.1
3094,FSIP1
3095,GPR176
3096,AC021755.3
3097,DISP2
3098,KNL1
3099,RAD51
3100,TYRO3
3101,GANC
3102,AC018362.1
3103,STARD9
3104,PPIP5K1
3105,STRC
3106,FRMD5
3107,AC025430.1
3108,PATL2
3109,DUOXA1
3110,AC051619.7
3111,AC051619.8
3112,AC025580.2
3113,AC090527.3
3114,SEMA6D
3115,SLC24A5
3116,FAM227B
3117,ATP8B4
3118,GABPB1
3119,AC084756.1
3120,MIR4713HG
3121,AC066613.2
3122,DMXL2
3123,AC026770.1
3124,CERNA1
3125,MYO5A
3126,FAM214A
3127,RAB27A
3128,DNAAF4
3129,NEDD4
3130,RFX7
3131,TEX9
3132,AC068726.1
3133,AC090518.1
3134,AC090517.5
3135,CGNL1
3136,ALDH1A2
3137,LIPC
3138,AC090515.6
3139,AC090515.4
3140,MYO1E
3141,AC092755.1
3142,RORA
3143,RAB8B
3144,DAPK2
3145,ZNF609
3146,AC091231.1
3147,AC069368.2
3148,IGDCC4
3149,DENND4A
3150,LCTL
3151,SMAD3
3152,IQCH
3153,IQCH-AS1
3154,MAP2K5
3155,SPESP1
3156,GLCE
3157,PAQR5
3158,AC027237.2
3159,DRAIC
3160,UACA
3161,MYO9A
3162,AC103874.1
3163,NEO1
3164,PPCDC
3165,NRG4
3166,PEAK1
3167,AC090607.1
3168,AC027228.1
3169,ANKRD34C-AS1
3170,TMED3
3171,AC021483.1
3172,AC023302.1
3173,AC068870.1
3174,CFAP161
3175,TMC3-AS1
3176,AC104041.1
3177,CPEB1
3178,HOMER2
3179,HDGFL3
3180,AC048382.6
3181,AC012291.3
3182,PDE8A
3183,AC021739.5
3184,AC020687.1
3185,NTRK3
3186,NTRK3-AS1
3187,LINC01586
3188,AC013391.2
3189,WDR93
3190,MESP1
3191,ANPEP
3192,AC104035.1
3193,AC107958.2
3194,SLCO3A1
3195,AC091544.4
3196,FAM174B
3197,RGMA
3198,AC091078.1
3199,MCTP2
3200,LINC02253
3201,AC020704.1
3202,LINC00923
3203,IGF1R
3204,AC036108.1
3205,SYNM
3206,TTC23
3207,LRRC28
3208,LINC02244
3209,MEF2A
3210,AC090825.1
3211,ADAMTS17
3212,CERS3
3213,LRRK1
3214,AC023024.1
3215,PCSK6
3216,LINC00235
3217,Z97986.1
3218,RHBDL1
3219,AL031008.1
3220,BAIAP3
3221,AL032819.1
3222,NPW
3223,IL32
3224,ZNF205
3225,ADCY9
3226,SRL
3227,C16orf96
3228,LINC02177
3229,AC012178.1
3230,ATF7IP2
3231,CIITA
3232,AC099489.1
3233,AC007216.4
3234,SNX29
3235,CPPED1
3236,AC109597.2
3237,U91319.1
3238,MRTFB
3239,NPIPA3
3240,XYLT1
3241,SYT17
3242,AC130456.5
3243,IQCK
3244,GPR139
3245,ACSM3
3246,MOSMO
3247,SDR42E2
3248,HS3ST2
3249,PRKCB
3250,CACNG3
3251,SLC5A11
3252,AQP8
3253,NSMCE1-DT
3254,IL4R
3255,IL21R
3256,IL21R-AS1
3257,GSG1L
3258,AC145285.6
3259,SULT1A4
3260,AC009133.4
3261,AC093512.2
3262,TRIM72
3263,ITGAM
3264,ITGAX
3265,SLC5A2
3266,AC002519.1
3267,MYLK3
3268,AC018845.1
3269,NETO2
3270,ITFG1
3271,AC007611.1
3272,ZNF423
3273,AC007610.1
3274,LINC02128
3275,AC007497.2
3276,FTO
3277,AC007496.2
3278,LPCAT2
3279,AC040168.1
3280,GNAO1
3281,AC106779.1
3282,CCL22
3283,CCL17
3284,ADGRG5
3285,ADGRG3
3286,AC092118.2
3287,MMP15
3288,AC009107.1
3289,LINC02137
3290,AC106793.1
3291,AC009081.2
3292,LINC00922
3293,BEAN1
3294,AC010542.4
3295,CMTM4
3296,TERB1
3297,LRRC36
3298,AC027682.1
3299,TSNAXIP1
3300,DPEP3
3301,CDH3
3302,CDH1
3303,NFAT5
3304,HYDIN
3305,LINC02136
3306,CHST4
3307,AC009097.3
3308,AC009127.1
3309,LINC01572
3310,AC004943.2
3311,ZFHX3
3312,AC138627.1
3313,AC009120.4
3314,CLEC18B
3315,ZNRF1
3316,CHST5
3317,AC106729.1
3318,WWOX
3319,MAF
3320,MAFTRR
3321,AC105411.1
3322,CDYL2
3323,ARLNC1
3324,AC092718.6
3325,BCO1
3326,GAN
3327,PLCG2
3328,AC092142.1
3329,AC009123.1
3330,ATP2C2
3331,AC092127.2
3332,AC018695.9
3333,IRF8
3334,AC126696.3
3335,SLC22A31
3336,AC092120.1
3337,TUBB3
3338,DOC2B
3339,AC090617.3
3340,AC005696.3
3341,AC005696.4
3342,RAP1GAP2
3343,OR3A2
3344,AC091153.3
3345,C17orf107
3346,PFN1
3347,USP6
3348,WSCD1
3349,XAF1
3350,ALOX12-AS1
3351,AC129492.1
3352,PIK3R5
3353,NTN1
3354,STX8
3355,USP43
3356,GAS7
3357,TMEM220-AS1
3358,PIRT
3359,AC015908.2
3360,COX10-AS1
3361,AC005304.3
3362,AC005224.2
3363,AC022816.1
3364,FAM106C
3365,TNFRSF13B
3366,RASD1
3367,AC122129.2
3368,RNF112
3369,SPECC1
3370,CCDC144NL
3371,DHRS7B
3372,AC233702.7
3373,NOS2
3374,NLK
3375,FOXN1
3376,EFCAB5
3377,AC130324.2
3378,NF1
3379,AC007923.4
3380,MYO1D
3381,CCL7
3382,CCL8
3383,CCL1
3384,SLC35G3
3385,AC015911.2
3386,AC015911.6
3387,GAS2L2
3388,CCL5
3389,AC244100.3
3390,AC244100.4
3391,AC243829.4
3392,CCL3
3393,CCL4
3394,AC243829.2
3395,AC243829.1
3396,CCL3L1
3397,CCL4L2
3398,ACACA
3399,STAC2
3400,FBXL20
3401,IKZF3
3402,AC090844.2
3403,TNS4
3404,AC004231.1
3405,KRTAP16-1
3406,HSPB9
3407,AC099811.3
3408,MEOX1
3409,MPP3
3410,MAPT-AS1
3411,AC018521.7
3412,SKAP1
3413,TTLL6
3414,IGF2BP1
3415,AC002401.4
3416,COL1A1
3417,AC021491.1
3418,AC021491.2
3419,TOB1-AS1
3420,LINC02073
3421,STXBP4
3422,HLF
3423,LPO
3424,RNF43
3425,HSF5
3426,GDPD1
3427,BCAS3
3428,BRIP1
3429,MARCH10
3430,TANC2
3431,GH1
3432,ERN1
3433,PECAM1
3434,SMURF2
3435,CEP112
3436,PRKCA
3437,PITPNC1
3438,LINC01482
3439,ABCA10
3440,MAP2K6
3441,LINC01483
3442,LINC00511
3443,SLC39A11
3444,SDK2
3445,LINC00469
3446,CD300LB
3447,CDR2L
3448,ITGB4
3449,RNF157
3450,CYGB
3451,AC015802.5
3452,AC016168.2
3453,AC111182.2
3454,AC021683.3
3455,BIRC5
3456,NPTX1
3457,AC127496.1
3458,PVALEF
3459,AC027601.6
3460,ACTG1
3461,AC145207.1
3462,DCXR-DT
3463,AC132872.5
3464,LINC01970
3465,AC132938.2
3466,AC132938.6
3467,AC124283.3
3468,AC130371.1
3469,AC144831.1
3470,YES1
3471,AP000894.4
3472,AP000829.1
3473,LINC00470
3474,AP005230.1
3475,MYOM1
3476,AP005329.1
3477,AP001025.1
3478,DLGAP1
3479,AP005203.1
3480,AKAIN1
3481,EPB41L3
3482,AP005059.2
3483,L3MBTL4
3484,PTPRM
3485,AP001793.1
3486,TWSG1
3487,AP001033.3
3488,PPP4R1-AS1
3489,GNAL
3490,SPIRE1
3491,AP002449.1
3492,LDLRAD4
3493,ABHD3
3494,MIB1
3495,RBBP8
3496,CABLES1
3497,TMEM241
3498,OSBPL1A
3499,AC018697.1
3500,ZNF521
3501,PSMA8
3502,TAF4B
3503,CHST9
3504,AC090403.1
3505,CDH2
3506,DSC1
3507,B4GALT6
3508,RNF125
3509,GAREM1
3510,MEP1B
3511,KLHL14
3512,DTNA
3513,KIAA1328
3514,MIR924HG
3515,AC021504.1
3516,LINC00907
3517,LINC01478
3518,SETBP1
3519,SLC14A2-AS1
3520,AC091151.5
3521,SLC14A1
3522,PSTPIP2
3523,RNF165
3524,LOXHD1
3525,ST8SIA5
3526,RAB27B
3527,CCDC68
3528,TCF4
3529,AC100847.1
3530,AC027097.2
3531,NEDD4L
3532,AC104971.1
3533,AC016229.2
3534,CCBE1
3535,RNF152
3536,PIGN
3537,TNFRSF11A
3538,AC064801.1
3539,PHLPP1
3540,BCL2
3541,LINC01924
3542,AC005909.2
3543,CCDC102B
3544,AC096708.3
3545,AC119868.2
3546,CD226
3547,RTTN
3548,AC069114.1
3549,NETO1
3550,AC090125.1
3551,ZNF407
3552,AC009716.1
3553,AC124254.2
3554,AC068473.3
3555,AC068473.1
3556,PLPP2
3557,PRSS57
3558,AC005329.2
3559,ATP8B3
3560,GNG7
3561,AC092068.1
3562,DIRAS1
3563,AC006538.1
3564,KF456478.1
3565,AC010649.1
3566,AC011498.1
3567,AC005339.1
3568,RFX2
3569,AC010503.1
3570,INSR
3571,FCER2
3572,CD209
3573,AC010336.3
3574,FBN3
3575,MYO1F
3576,AC011451.4
3577,COL5A3
3578,AC011511.5
3579,ICAM4
3580,PDE4A
3581,AP1M2
3582,SPC24
3583,KANK2
3584,AC018761.1
3585,THSD8
3586,AC005546.1
3587,AC022098.4
3588,LINC01842
3589,ADGRE5
3590,OR7C1
3591,CYP4F3
3592,AC020911.2
3593,AC008764.5
3594,AC010463.3
3595,PLVAP
3596,KCNN1
3597,PDE4C
3598,LRRC25
3599,LINC00664
3600,ZNF208
3601,ZNF98
3602,LINC00662
3603,AC005580.1
3604,AC008507.5
3605,TSHZ3
3606,DPY19L3
3607,AC008474.1
3608,AC008736.1
3609,AC008805.2
3610,CEBPA
3611,WTIP
3612,SCGB2B2
3613,AC020907.3
3614,AC002128.2
3615,FFAR2
3616,DMKN
3617,KIRREL2
3618,TYROBP
3619,AD001527.1
3620,AC092295.2
3621,AC016590.3
3622,AC011479.3
3623,RYR1
3624,AC008649.1
3625,FBXO27
3626,LGALS14
3627,CLC
3628,FCGBP
3629,CNTD2
3630,CD79A
3631,LIPE-AS1
3632,L34079.3
3633,LYPD5
3634,AC243964.3
3635,EXOC3L2
3636,FOSB
3637,SIX5
3638,PGLYRP1
3639,DACT3
3640,MEIS3
3641,SULT2A1
3642,HSD17B14
3643,DHDH
3644,MYBPC2
3645,FAM71E1
3646,SHANK1
3647,NKG7
3648,C19orf84
3649,FPR3
3650,ZNF534
3651,PRKCG
3652,VSTM1
3653,AC245052.4
3654,AC245884.1
3655,KIR2DL4
3656,NCR1
3657,EPS8L1
3658,DNAAF3
3659,SSC5D
3660,AC008735.4
3661,LINC01864
3662,ZSCAN5A
3663,AC006116.8
3664,AC006116.10
3665,AC005498.2
3666,SMIM17
3667,AC006115.2
3668,ZSCAN4
3669,AC012313.2
3670,AC012313.8
3671,AL110114.1
3672,SIRPB1
3673,AL109809.5
3674,TGM3
3675,TMC2
3676,AL049712.1
3677,C20orf194
3678,ATRN
3679,SPEF1
3680,AL031670.1
3681,RNF24
3682,AL121890.2
3683,SHLD1
3684,AL021396.1
3685,PLCB1
3686,PLCB4
3687,SLX4IP
3688,SPTLC3
3689,MACROD2
3690,AL079338.1
3691,OTOR
3692,SLC24A3
3693,RIN2
3694,AL158013.1
3695,LINC01727
3696,LINC01726
3697,LINC01427
3698,AL158175.1
3699,THBD
3700,CST7
3701,ZNF337-AS1
3702,AL031673.1
3703,FAM242A
3704,BCL2L1
3705,AL034550.1
3706,CBFA2T2
3707,GDF5
3708,AL035420.1
3709,MYL9
3710,ADIG
3711,PPP1R16B
3712,AL023803.1
3713,MAFB
3714,ZHX3
3715,LPIN3
3716,TOX2
3717,PKIG
3718,KCNK15-AS1
3719,CD40
3720,SLC13A3
3721,AL031666.2
3722,PREX1
3723,CSE1L-AS1
3724,KCNB1
3725,B4GALT5
3726,ATP9A
3727,SALL4
3728,LINC01524
3729,TSHZ2
3730,AL109930.1
3731,AL354993.2
3732,DOK5
3733,NKILA
3734,AL109840.2
3735,ZNF831
3736,EDN3
3737,SYCP2
3738,CDH26
3739,AL132822.1
3740,MIR646HG
3741,AL096828.5
3742,FNDC11
3743,AL121845.4
3744,CU633967.1
3745,AP003900.1
3746,AP001347.1
3747,LIPI
3748,SAMSN1
3749,AF127936.2
3750,LINC02246
3751,NRIP1
3752,AJ009632.2
3753,MIR99AHG
3754,CHODL
3755,NCAM2
3756,AP000561.1
3757,LINC01684
3758,AP000146.1
3759,AP000233.2
3760,AP001341.1
3761,LINC00158
3762,MIR155HG
3763,APP
3764,CYYR1
3765,LINC01695
3766,AF165147.1
3767,MAP3K7CL
3768,BACH1
3769,GRIK1-AS1
3770,TIAM1
3771,LINC00159
3772,C21orf62-AS1
3773,ITSN1
3774,LINC00310
3775,AP000317.1
3776,AP000320.1
3777,KCNE2
3778,RCAN1
3779,RUNX1
3780,CLDN14
3781,HLCS
3782,AP000704.1
3783,AP001437.1
3784,KCNJ15
3785,ERG
3786,LINC00114
3787,AF064858.1
3788,BRWD1-AS1
3789,ABCG1
3790,AP001059.1
3791,LINC00334
3792,PCBP3
3793,AL133492.1
3794,AJ011932.1
3795,AC006946.2
3796,HDHD5-AS1
3797,CECR2
3798,MICAL3
3799,AC016026.2
3800,CLTCL1
3801,AC000085.1
3802,AC000068.2
3803,ARVCF
3804,RTN4R
3805,SCARF2
3806,AC002472.1
3807,AC245060.5
3808,IGLV1-47
3809,IGLC1
3810,IGLC2
3811,IGLC3
3812,RSPH14
3813,KIAA1671
3814,AL022323.4
3815,Z99916.1
3816,GRK3
3817,MYO18B
3818,MIAT
3819,TTC28
3820,ZNRF3
3821,EMID1
3822,RFPL1S
3823,HORMAD2
3824,LIF
3825,AC004832.4
3826,AC004832.6
3827,SEC14L3
3828,OSBP2
3829,C22orf24
3830,RFPL2
3831,SLC5A4-AS1
3832,SLC5A4
3833,SYN3
3834,LARGE1
3835,Z82244.2
3836,MB
3837,APOL5
3838,RBFOX2
3839,FO393418.1
3840,AL022313.2
3841,CACNG2
3842,IL2RB
3843,FP325335.1
3844,LGALS1
3845,AL022318.5
3846,APOBEC3G
3847,PDGFB
3848,ENTHD1
3849,GRAP2
3850,Z99716.2
3851,A4GALT
3852,MPPED1
3853,EFCAB6
3854,LINC00899
3855,PKDREJ
3856,LINC01644
3857,BX539320.1
3858,MOV10L1
3859,SYCE3
3860,CRLF2
3861,AL683807.2
3862,XG
3863,GYG2
3864,NLGN4X
3865,PUDP
3866,STS
3867,AC079142.1
3868,TBL1X
3869,AC003666.1
3870,MID1
3871,AC073529.1
3872,ARHGAP6
3873,FRMPD4
3874,LINC01203
3875,EGFL6
3876,AC003035.1
3877,GLRA2
3878,ASB9
3879,VEGFD
3880,PIR
3881,CLTRN
3882,GRPR
3883,REPS2
3884,BEND2
3885,SCML2
3886,CDKL5
3887,AL732509.1
3888,MAP7D2
3889,AL807742.1
3890,CNKSR2
3891,PHEX
3892,PTCHD1-AS
3893,AC092832.2
3894,AC131011.1
3895,POLA1
3896,GK
3897,DMD
3898,CFAP47
3899,AL592156.2
3900,CYBB
3901,TSPAN7
3902,AC108879.1
3903,AL592164.1
3904,NYX
3905,CASK
3906,Z93403.1
3907,Z94277.1
3908,AL023574.1
3909,EFHC2
3910,AC136489.1
3911,LINC01204
3912,MIR222HG
3913,SLC9A7
3914,JADE3
3915,SYN1
3916,FOXP3
3917,AC232271.3
3918,GAGE10
3919,CCNB3
3920,AC233976.1
3921,AL158055.1
3922,MAGED1
3923,AC231759.2
3924,IQSEC2
3925,WNK3
3926,PAGE2B
3927,AL050309.1
3928,AL022157.1
3929,FAAH2
3930,LINC01278
3931,ZC4H2
3932,ZC3H12B
3933,AL034397.2
3934,AL034397.3
3935,VSIG4
3936,HEPH
3937,EDA2R
3938,OPHN1
3939,EDA
3940,IGBP1-AS1
3941,DGAT2L6
3942,HDAC8
3943,SLC16A2
3944,NEXMIF
3945,AC233296.1
3946,CYSLTR1
3947,LPAR4
3948,HMGN5
3949,HDX
3950,APOOL
3951,POF1B
3952,DACH2
3953,KLHL4
3954,FAM133A
3955,DIAPH2
3956,SYTL4
3957,ARMCX4
3958,AC234775.4
3959,ARMCX5-GPRASP2
3960,GPRASP2
3961,LINC00630
3962,H2BFM
3963,IL1RAPL2
3964,NRK
3965,RADX
3966,FRMPD3
3967,GUCY2F
3968,KCNE5
3969,TMEM164
3970,PAK3
3971,XACT
3972,DANT2
3973,KLHL13
3974,IL13RA1
3975,TMEM255A
3976,GRIA3
3977,TENM1
3978,AL008633.1
3979,AL022162.1
3980,ENOX2
3981,IGSF1
3982,FIRRE
3983,RAP2C-AS1
3984,MBNL3
3985,HS6ST2
3986,GPC3
3987,PLAC1
3988,ZNF75D
3989,MCF2
3990,SPANXA2-OT1
3991,AFF2
3992,LINC00894
3993,MAMLD1
3994,PNMA6F
3995,GAB3
3996,F8
3997,CLIC2
3998,AC006040.1
3999,AC011751.1
